metric,n_seeds,baseline_mean,treatment_mean,mean_diff,median_diff,relative_effect_pct,signed_relative_effect_pct,cohens_d,bootstrap_ci_95_lo,bootstrap_ci_95_hi,ci_excludes_zero,wilcoxon_stat,wilcoxon_p,paired_ttest_stat,paired_ttest_p,practically_significant_improvement,pricing_policy,dispatch_policy,role
p90_wait_min,24,10.25,9.445833333333326,-0.8041666666666742,-1.0,-7.845528455284627,7.845528455284627,-1.432364213952703,-1.029166666666678,-0.5833333333333334,True,0.0,6.376462691264562e-05,-7.017122900013672,3.764597734821513e-07,True,NO_SURGE,ETA_OPTIMIZED,primary
avg_wait_min,24,4.234381312171579,4.219161145981082,-0.015220166190497616,-0.006240372635383906,-0.35944250336519734,0.35944250336519734,-0.14047035824517534,-0.05887043742466002,0.025127716707059888,False,132.0,0.6230943202972412,-0.6881614033732709,0.49823368972479853,False,NO_SURGE,ETA_OPTIMIZED,secondary
completion_rate,24,0.5534600215441546,0.5670511706238189,0.013591149079664246,0.014532156667073581,2.4556695245566087,2.4556695245566087,1.8341200954717691,0.01056935595352505,0.016356057851485112,True,5.0,1.1920928955078125e-06,8.985316721781203,5.529004693210002e-09,False,NO_SURGE,ETA_OPTIMIZED,secondary
cancellation_rate,24,0.21722005380082474,0.20505212566394523,-0.01216792813687948,-0.012642127382600898,-5.60165966446017,5.60165966446017,-2.0737029199361188,-0.014370653972299615,-0.009810871182778645,True,1.0,2.384185791015625e-07,-10.1590280639261,5.671592430671797e-10,True,NO_SURGE,ETA_OPTIMIZED,secondary
earnings_per_online_hour_mean,24,152.52407121942304,155.53604331845725,3.011972099034215,2.8252882688578325,1.9747519686260893,1.9747519686260893,1.5393386609613442,2.269427741499434,3.794130567097076,True,3.0,5.960464477539062e-07,7.5411885213888095,1.163623139504117e-07,False,NO_SURGE,ETA_OPTIMIZED,guardrail
driver_utilization_mean,24,0.5720418896200853,0.5631643895959203,-0.00887750002416506,-0.008861359807287972,-1.551896842740126,-1.551896842740126,-2.0397531010013714,-0.010542122160856773,-0.007159851626747932,True,1.0,2.384185791015625e-07,-9.992708597426079,7.750548051397521e-10,False,NO_SURGE,ETA_OPTIMIZED,guardrail
platform_revenue,24,90379.77250093967,92770.52054217928,2390.7480412396303,2416.008068189214,2.645224672605559,2.645224672605559,1.9348965440070995,1901.7801000966736,2868.0825478428346,True,2.0,3.5762786865234375e-07,9.479018475784022,2.0774160632615466e-09,False,NO_SURGE,ETA_OPTIMIZED,guardrail
p90_wait_min,24,10.25,10.204166666666671,-0.04583333333332947,0.0,-0.44715447154467775,0.44715447154467775,-0.1007536745078879,-0.21249999999999614,0.125,False,4.5,0.3961439091520741,-0.4935901845095727,0.6262761011221231,False,NO_SURGE,DRIVER_EARNINGS_AWARE,primary
avg_wait_min,24,4.234381312171579,4.195094385683424,-0.039286926488155606,-0.04345768826634089,-0.9278079509567722,0.9278079509567722,-0.622791879383416,-0.06401610914118758,-0.014735196182605917,True,57.0,0.006516098976135254,-3.051044640876672,0.005666986951238373,False,NO_SURGE,DRIVER_EARNINGS_AWARE,secondary
completion_rate,24,0.5534600215441546,0.5543588787236146,0.0008988571794599845,0.0013665860906783012,0.1624068847741109,0.1624068847741109,0.15175546284517383,-0.0014424562887040606,0.003143379576092124,False,123.0,0.45587432384490967,0.7434468993011341,0.4647384107523969,False,NO_SURGE,DRIVER_EARNINGS_AWARE,secondary
cancellation_rate,24,0.21722005380082474,0.2164507854174864,-0.0007692683833382986,-0.001506065805000456,-0.35414243292825204,0.35414243292825204,-0.17750972617912303,-0.0024784819201381816,0.0009499617318403522,False,123.0,0.45587432384490967,-0.8696165070400249,0.3934951272001768,False,NO_SURGE,DRIVER_EARNINGS_AWARE,secondary
earnings_per_online_hour_mean,24,152.52407121942304,155.6109644095618,3.086893190138767,3.131767219684292,2.0238727995254755,2.0238727995254755,1.4445184444724306,2.2460194288811834,3.9191119640865026,True,6.0,1.6689300537109375e-06,7.0766662259926605,3.288506403906317e-07,False,NO_SURGE,DRIVER_EARNINGS_AWARE,guardrail
driver_utilization_mean,24,0.5720418896200853,0.5813211508385118,0.009279261218426385,0.008230214606295916,1.6221296703619195,1.6221296703619195,1.6048972160847306,0.007041324384120498,0.01151781037203099,True,2.0,3.5762786865234375e-07,7.862358538041652,5.7693021507389295e-08,False,NO_SURGE,DRIVER_EARNINGS_AWARE,guardrail
platform_revenue,24,90379.77250093967,90521.68697475597,141.91447381632193,259.99029624747345,0.15702017153765957,0.15702017153765957,0.1518535985916592,-224.52056469101652,498.6278676545823,False,122.0,0.4389305114746094,0.7439276643099666,0.46445310049197186,False,NO_SURGE,DRIVER_EARNINGS_AWARE,guardrail
p90_wait_min,24,10.25,10.329166666666671,0.07916666666667053,0.0,0.7723577235772735,-0.7723577235772735,0.1932573704722856,-0.08333333333333333,0.25,False,4.5,0.3961439091520741,0.9467638933782246,0.35360071029630324,False,NO_SURGE,MARKETPLACE_AWARE,primary
avg_wait_min,24,4.234381312171579,4.197293525795447,-0.037087786376132914,-0.048110892041594244,-0.8758726161369875,0.8758726161369875,-0.41686006137631654,-0.07119845773421707,-0.0013797964918069777,True,78.0,0.03948163986206055,-2.042188889034507,0.05276154571263737,False,NO_SURGE,MARKETPLACE_AWARE,secondary
completion_rate,24,0.5534600215441546,0.5544825467133622,0.0010225251692074107,0.0011057636742012877,0.1847514055946739,0.1847514055946739,0.20855866405367546,-0.0009034647542600841,0.0030115639595305367,False,118.0,0.37475037574768066,1.0217246167360816,0.3175385147842302,False,NO_SURGE,MARKETPLACE_AWARE,secondary
cancellation_rate,24,0.21722005380082474,0.2165244599588532,-0.0006955938419715112,-0.0004192253267971402,-0.320225425691737,0.320225425691737,-0.20328355430597048,-0.002007297228044101,0.0006228709286352087,False,118.0,0.37475037574768066,-0.9958819622979637,0.32967016271701916,False,NO_SURGE,MARKETPLACE_AWARE,secondary
earnings_per_online_hour_mean,24,152.52407121942304,152.93335007904187,0.40927885961884886,0.32101199298469396,0.2683372246404669,0.2683372246404669,0.294080601579,-0.1309757301151499,0.9521960973368729,False,106.0,0.21821892261505127,1.4406948342385342,0.16314666622059062,False,NO_SURGE,MARKETPLACE_AWARE,guardrail
driver_utilization_mean,24,0.5720418896200853,0.5725352554179673,0.000493365797881895,0.0009919844409546075,0.0862464457296227,0.0862464457296227,0.13064940438625847,-0.0010581335009814446,0.0019078456277835084,False,117.0,0.35962629318237305,0.6400487518897433,0.528465965881849,False,NO_SURGE,MARKETPLACE_AWARE,guardrail
platform_revenue,24,90379.77250093967,90599.26507391664,219.4925729769875,187.57364134734235,0.24285585911903626,0.24285585911903626,0.2708751535229485,-95.27540700104588,540.7474363247396,False,109.0,0.2522493600845337,1.3270118202585621,0.19752889927539524,False,NO_SURGE,MARKETPLACE_AWARE,guardrail
p90_wait_min,24,10.25,10.791666666666666,0.5416666666666666,1.0,5.284552845528455,-5.284552845528455,1.0642254261084712,0.3333333333333333,0.75,True,0.0,0.0003114909767673832,5.213618530523515,2.7502763622719794e-05,False,NO_SURGE,ADVANCED_HEURISTIC,primary
avg_wait_min,24,4.234381312171579,4.389124034113375,0.15474272194179503,0.14595988355782286,3.654435218127204,-3.654435218127204,1.1388952878046879,0.10160405273744595,0.20891203856514007,True,21.0,5.328655242919922e-05,5.5794246511633565,1.1213946856447131e-05,False,NO_SURGE,ADVANCED_HEURISTIC,secondary
completion_rate,24,0.5534600215441546,0.5234031084903817,-0.03005691305377282,-0.029394408941676636,-5.4307288482940415,-5.4307288482940415,-5.425893225418408,-0.032258630445523476,-0.027863268139335057,True,0.0,1.1920928955078125e-07,-26.58133960219825,9.064950704341723e-19,False,NO_SURGE,ADVANCED_HEURISTIC,secondary
cancellation_rate,24,0.21722005380082474,0.22892996387421027,0.011709910073385588,0.01301635150238259,5.390805254160713,-5.390805254160713,2.2392928971706754,0.009473523817155655,0.013629113581498396,True,3.0,5.960464477539062e-07,10.970249965413588,1.2956642722323072e-10,False,NO_SURGE,ADVANCED_HEURISTIC,secondary
earnings_per_online_hour_mean,24,152.52407121942304,144.97356335917505,-7.550507860247985,-7.275622183727819,-4.9503713085298715,-4.9503713085298715,-3.9053327110367575,-8.32036744320969,-6.81996300451957,True,0.0,1.1920928955078125e-07,-19.132144835680318,1.2689777155488296e-15,False,NO_SURGE,ADVANCED_HEURISTIC,guardrail
driver_utilization_mean,24,0.5720418896200853,0.5557013043185242,-0.016340585301561145,-0.016068700703939787,-2.856536487636167,-2.856536487636167,-3.340562295688665,-0.018228416358631372,-0.01446180630706477,True,0.0,1.1920928955078125e-07,-16.365346156835223,3.63814355449138e-14,False,NO_SURGE,ADVANCED_HEURISTIC,guardrail
platform_revenue,24,90379.77250093967,85674.89564712105,-4704.876853818602,-4682.592154794489,-5.20567459247553,-5.20567459247553,-5.2959265246873635,-5055.780135515257,-4366.244387088916,True,0.0,1.1920928955078125e-07,-25.944635401510123,1.5560889991778018e-18,False,NO_SURGE,ADVANCED_HEURISTIC,guardrail
p90_wait_min,24,10.25,9.333333333333334,-0.9166666666666666,-1.0,-8.94308943089431,8.94308943089431,-1.8201909894555675,-1.125,-0.7083333333333334,True,0.0,1.7074739053089123e-05,-8.917078317155553,6.3456745288184645e-09,True,BASIC_SURGE,ETA_OPTIMIZED,primary
avg_wait_min,24,4.20578764221143,4.183696003337287,-0.022091638874142523,0.007025172318773976,-0.5252675777640213,0.5252675777640213,-0.17572685919784584,-0.0744088769595653,0.024427796756704638,False,139.0,0.7682963609695435,-0.8608822782732544,0.3981887776480115,False,BASIC_SURGE,ETA_OPTIMIZED,secondary
completion_rate,24,0.5529812377666322,0.5668697133878958,0.013888475621263566,0.013904269551945514,2.5115636250799427,2.5115636250799427,2.253938319011023,0.011474733751876975,0.016327415091407883,True,0.0,1.1920928955078125e-07,11.04199758656692,1.1411882436517118e-10,False,BASIC_SURGE,ETA_OPTIMIZED,secondary
cancellation_rate,24,0.20557053491356211,0.1957726179987318,-0.009797916914830288,-0.009456725560550897,-4.766206849123634,4.766206849123634,-1.9696610891454849,-0.011835844940014923,-0.007930586641246042,True,0.0,1.1920928955078125e-07,-9.649329269242015,1.492739579972378e-09,False,BASIC_SURGE,ETA_OPTIMIZED,secondary
earnings_per_online_hour_mean,24,153.71087078090954,156.66749166085665,2.956620879947111,2.915629731276468,1.923494977893467,1.923494977893467,1.5335203091828091,2.2205596226332642,3.727607150734513,True,3.0,5.960464477539062e-07,7.512684535385957,1.2392013114496253e-07,False,BASIC_SURGE,ETA_OPTIMIZED,guardrail
driver_utilization_mean,24,0.571383454979769,0.5629644899720505,-0.00841896500771836,-0.008389714000458293,-1.4734352096380618,-1.4734352096380618,-1.6219707425074115,-0.010405919378032882,-0.006397136898716076,True,4.0,8.344650268554688e-07,-7.94600139373264,4.8167480450131266e-08,False,BASIC_SURGE,ETA_OPTIMIZED,guardrail
platform_revenue,24,91043.27256059698,93493.44111716341,2450.1685565664434,2538.280300431834,2.6912131864939823,2.6912131864939823,2.2510528601110513,2024.185991313499,2868.7964811516536,True,0.0,1.1920928955078125e-07,11.027861782609513,1.1700389787011325e-10,False,BASIC_SURGE,ETA_OPTIMIZED,guardrail
p90_wait_min,24,10.25,10.0,-0.25,0.0,-2.4390243902439024,2.4390243902439024,-0.4702699715629801,-0.4583333333333333,-0.041666666666666664,True,4.5,0.03389485352468924,-2.3038429433649137,0.030607709594718424,False,BASIC_SURGE,DRIVER_EARNINGS_AWARE,primary
avg_wait_min,24,4.20578764221143,4.14634692968916,-0.0594407125222701,-0.05549267141069669,-1.4133075081036617,1.4133075081036617,-0.6042478823819819,-0.09823772624254073,-0.022533321623288454,True,59.0,0.007920503616333008,-2.9601979799862415,0.007014947491987973,False,BASIC_SURGE,DRIVER_EARNINGS_AWARE,secondary
completion_rate,24,0.5529812377666322,0.5531807224081766,0.00019948464154441922,0.0009426560442633569,0.03607439600484334,0.03607439600484334,0.044844277753747365,-0.0015100197117966243,0.0019487364667267687,False,144.0,0.8774070739746094,0.21969119676064805,0.8280497835013785,False,BASIC_SURGE,DRIVER_EARNINGS_AWARE,secondary
cancellation_rate,24,0.20557053491356211,0.2059773126074158,0.0004067776938537169,0.0006796653568007932,0.19787743123048152,-0.19787743123048152,0.10264135391231805,-0.001170945848375837,0.001942092120665983,False,133.0,0.6431422233581543,0.5028378871872021,0.6198593997109584,False,BASIC_SURGE,DRIVER_EARNINGS_AWARE,secondary
earnings_per_online_hour_mean,24,153.71087078090954,156.35010562349677,2.6392348425872285,2.593238346883737,1.7170124853101894,1.7170124853101894,1.3843768374364054,1.8848940740784403,3.36895444736845,True,11.0,6.556510925292969e-06,6.782033726894181,6.448886824731088e-07,False,BASIC_SURGE,DRIVER_EARNINGS_AWARE,guardrail
driver_utilization_mean,24,0.571383454979769,0.578713849250144,0.0073303942703751524,0.007989479965189838,1.282920288728819,1.282920288728819,1.3260983842825453,0.005166509190882476,0.009477637287552635,True,12.0,8.344650268554688e-06,6.4965287804428815,1.2514949937270426e-06,False,BASIC_SURGE,DRIVER_EARNINGS_AWARE,guardrail
platform_revenue,24,91043.27256059698,91069.56968437851,26.297123781548482,217.58848477344873,0.02888420312884242,0.02888420312884242,0.03407775439473127,-285.0699350184495,325.97050985045337,False,149.0,0.9888126850128174,0.16694621969395723,0.8688714388356918,False,BASIC_SURGE,DRIVER_EARNINGS_AWARE,guardrail
p90_wait_min,24,10.25,10.125,-0.125,0.0,-1.2195121951219512,1.2195121951219512,-0.27875204519913876,-0.2916666666666667,0.041666666666666664,False,3.0,0.17971249487899976,-1.3656005509902465,0.18527190025184803,False,BASIC_SURGE,MARKETPLACE_AWARE,primary
avg_wait_min,24,4.20578764221143,4.127008116852434,-0.07877952535899553,-0.05624874415924186,-1.8731218040664732,1.8731218040664732,-0.7263520048093798,-0.12380514342878692,-0.039885629244647794,True,35.0,0.0004944801330566406,-3.558383570861147,0.0016719504665389854,False,BASIC_SURGE,MARKETPLACE_AWARE,secondary
completion_rate,24,0.5529812377666322,0.554858046239724,0.0018768084730918858,0.0012803449041863812,0.3393982191279936,0.3393982191279936,0.5440630547119846,0.000538238032285564,0.003228599210023627,True,75.0,0.03148162364959717,2.6653537438885784,0.013821701501051003,False,BASIC_SURGE,MARKETPLACE_AWARE,secondary
cancellation_rate,24,0.20557053491356211,0.20502782686956875,-0.0005427080439933153,-0.0009424808046300526,-0.26400089109147484,0.26400089109147484,-0.15576327664003775,-0.001853321914789956,0.0008882394589686363,False,112.0,0.28966712951660156,-0.763081096864142,0.45317132544619737,False,BASIC_SURGE,MARKETPLACE_AWARE,secondary
earnings_per_online_hour_mean,24,153.71087078090954,154.37195249981627,0.6610817189067113,0.7637933542054185,0.43008130495141,0.43008130495141,0.4952350050994458,0.10870347725210819,1.1618143486244152,True,68.0,0.017870306968688965,2.4261461305165346,0.02350920011676942,False,BASIC_SURGE,MARKETPLACE_AWARE,guardrail
driver_utilization_mean,24,0.571383454979769,0.5717216967587437,0.00033824177897485985,0.0008121794098279733,0.05919698514666233,0.05919698514666233,0.07187977663460333,-0.0014965954283177397,0.002153848903797708,False,135.0,0.6839864253997803,0.35213755116001366,0.7279412048701974,False,BASIC_SURGE,MARKETPLACE_AWARE,guardrail
platform_revenue,24,91043.27256059698,91498.89546468768,455.62290409070494,482.9872923463263,0.5004465363296882,0.5004465363296882,0.7169760791283238,203.846226870977,695.3447762253844,True,51.0,0.0035042762756347656,3.512451103291459,0.0018704072648923708,False,BASIC_SURGE,MARKETPLACE_AWARE,guardrail
p90_wait_min,24,10.25,10.708333333333334,0.4583333333333333,0.5,4.471544715447155,-4.471544715447155,0.7791737244316423,0.20833333333333334,0.6666666666666666,True,7.0,0.0022819372533154484,3.8171560916829494,0.0008848959120100716,False,BASIC_SURGE,ADVANCED_HEURISTIC,primary
avg_wait_min,24,4.20578764221143,4.370584757726996,0.16479711551556667,0.17887079154411945,3.9183413318727456,-3.9183413318727456,1.2583988929489058,0.11292256774745235,0.21569692001215054,True,12.0,8.344650268554688e-06,6.164870361216103,2.736839708051354e-06,False,BASIC_SURGE,ADVANCED_HEURISTIC,secondary
completion_rate,24,0.5529812377666322,0.524329722336983,-0.02865151542964915,-0.028885155740072943,-5.181281655299233,-5.181281655299233,-4.361500721535932,-0.03115887020028042,-0.02601990311211087,True,0.0,1.1920928955078125e-07,-21.366902561087393,1.1389275358386423e-16,False,BASIC_SURGE,ADVANCED_HEURISTIC,secondary
cancellation_rate,24,0.20557053491356211,0.2201573484235624,0.014586813510000322,0.01411086663559541,7.09577056660078,-7.09577056660078,3.3199600343033118,0.012923540562753414,0.016297186940363504,True,0.0,1.1920928955078125e-07,16.2644161009521,4.1491085188390424e-14,False,BASIC_SURGE,ADVANCED_HEURISTIC,secondary
earnings_per_online_hour_mean,24,153.71087078090954,145.87597862815795,-7.834892152751601,-7.829212369551769,-5.097162037367544,-5.097162037367544,-4.3714036505337495,-8.528696424942563,-7.140311473941879,True,0.0,1.1920928955078125e-07,-21.41541680709472,1.083634821714904e-16,False,BASIC_SURGE,ADVANCED_HEURISTIC,guardrail
driver_utilization_mean,24,0.571383454979769,0.5565713706111796,-0.014812084368589315,-0.015322400644949774,-2.5923194379357324,-2.5923194379357324,-3.6236246843030604,-0.016433616886001364,-0.013202548834946641,True,0.0,1.1920928955078125e-07,-17.752062991792556,6.39317992406281e-15,False,BASIC_SURGE,ADVANCED_HEURISTIC,guardrail
platform_revenue,24,91043.27256059698,86152.35485103006,-4890.917709566907,-4842.925677582512,-5.37208029985037,-5.37208029985037,-5.563391167741125,-5232.30525759317,-4547.209264187615,True,0.0,1.1920928955078125e-07,-27.25493920094483,5.18535826950791e-19,False,BASIC_SURGE,ADVANCED_HEURISTIC,guardrail
p90_wait_min,24,9.4375,8.375,-1.0625,-1.0,-11.258278145695364,11.258278145695364,-2.0536892642044537,-1.25,-0.8541666666666666,True,0.0,1.3586130081060501e-05,-10.060981575065483,6.815264568567796e-10,True,AGGRESSIVE_SURGE,ETA_OPTIMIZED,primary
avg_wait_min,24,3.8277196937624383,3.878742569887557,0.05102287612511911,0.07775079458347656,1.3329836092299232,-1.3329836092299232,0.6767709073168742,0.02051465090429088,0.07925950747282702,True,55.0,0.005330443382263184,3.315486791373497,0.0030156041111872502,False,AGGRESSIVE_SURGE,ETA_OPTIMIZED,secondary
completion_rate,24,0.550978476934556,0.5594428833215258,0.008464406386969754,0.009516229240262686,1.536249915616057,1.536249915616057,1.401479876825568,0.006072341241991192,0.010784639855301452,True,11.0,6.556510925292969e-06,6.8658211660025215,5.318858568512034e-07,False,AGGRESSIVE_SURGE,ETA_OPTIMIZED,secondary
cancellation_rate,24,0.1627443905483945,0.15422658308134396,-0.00851780746705057,-0.009096629296377307,-5.233856256641713,5.233856256641713,-1.8740562197221906,-0.010285446270606038,-0.0066591451469741065,True,2.0,3.5762786865234375e-07,-9.180962975217048,3.737284761106819e-09,True,AGGRESSIVE_SURGE,ETA_OPTIMIZED,secondary
earnings_per_online_hour_mean,24,162.07387989700877,163.95725497921424,1.8833750822054587,2.0508098101473564,1.1620472610406227,1.1620472610406227,0.9481018342964865,1.0711150709879282,2.602329972745017,True,31.0,0.00027811527252197266,4.64473143644632,0.00011283334525274583,False,AGGRESSIVE_SURGE,ETA_OPTIMIZED,guardrail
driver_utilization_mean,24,0.5570797284611155,0.5473006980817688,-0.009779030379346567,-0.009559687912546744,-1.75540948265346,-1.75540948265346,-1.8260934665510293,-0.011907810882402503,-0.0076737650459663635,True,0.0,1.1920928955078125e-07,-8.945994431360244,5.985388312049888e-09,False,AGGRESSIVE_SURGE,ETA_OPTIMIZED,guardrail
platform_revenue,24,96225.25813603943,97698.88907296292,1473.6309369234884,1860.248758845184,1.5314387983663582,1.5314387983663582,1.3395138126723247,1022.4804933021302,1889.9066998179255,True,15.0,1.633167266845703e-05,6.562250688914494,1.0733975638936582e-06,False,AGGRESSIVE_SURGE,ETA_OPTIMIZED,guardrail
p90_wait_min,24,9.4375,9.325000000000008,-0.11249999999999227,0.0,-1.1920529801323685,1.1920529801323685,-0.2817769101101989,-0.270833333333314,0.037500000000003864,False,5.0,0.2422880965362707,-1.3804193021361397,0.18072740304408846,False,AGGRESSIVE_SURGE,DRIVER_EARNINGS_AWARE,primary
avg_wait_min,24,3.8277196937624383,3.8253093158123144,-0.0024103779501237397,-0.00820810101315761,-0.06297164220388538,0.06297164220388538,-0.04145390789412247,-0.02479186908122214,0.020610395953454663,False,136.0,0.704756498336792,-0.20308184436986323,0.8408569661129506,False,AGGRESSIVE_SURGE,DRIVER_EARNINGS_AWARE,secondary
completion_rate,24,0.550978476934556,0.5514523317856059,0.0004738548510498629,0.0005926111405228363,0.08600242493794295,0.08600242493794295,0.12408755895981134,-0.0010818495432947319,0.0019540615226351136,False,116.0,0.5034132106662779,0.6079024057581215,0.5492083600645908,False,AGGRESSIVE_SURGE,DRIVER_EARNINGS_AWARE,secondary
cancellation_rate,24,0.1627443905483945,0.16183719381286552,-0.0009071967355290221,-0.0002501828076716117,-0.5574365620050379,0.5574365620050379,-0.2766257100029112,-0.0022335693619859654,0.00030169785230942174,False,123.0,0.45587432384490967,-1.3551836784844897,0.18852006144489025,False,AGGRESSIVE_SURGE,DRIVER_EARNINGS_AWARE,secondary
earnings_per_online_hour_mean,24,162.07387989700877,164.73420748524947,2.6603275882406847,2.831832198872874,1.6414289519885699,1.6414289519885699,1.7656050595231494,2.0470103009595806,3.221989719369538,True,5.0,1.1920928955078125e-06,8.649662966216074,1.0951872057055444e-08,False,AGGRESSIVE_SURGE,DRIVER_EARNINGS_AWARE,guardrail
driver_utilization_mean,24,0.5570797284611155,0.5662224729088999,0.00914274444778448,0.009615796308540259,1.641191373637041,1.641191373637041,1.8127674071343427,0.00719027689113647,0.011151331148465504,True,2.0,3.5762786865234375e-07,8.88071033965446,6.830811798199094e-09,False,AGGRESSIVE_SURGE,DRIVER_EARNINGS_AWARE,guardrail
platform_revenue,24,96225.25813603943,96283.69144727568,58.43331123623526,208.17376218907884,0.06072554375860918,0.06072554375860918,0.08214821147878097,-234.97360548480114,333.9241608115987,False,134.0,0.6634435653686523,0.40244240281051463,0.6910743586758011,False,AGGRESSIVE_SURGE,DRIVER_EARNINGS_AWARE,guardrail
p90_wait_min,24,9.4375,9.333333333333334,-0.10416666666666667,0.0,-1.1037527593818985,1.1037527593818985,-0.22364569603639134,-0.2916666666666667,0.08333333333333333,False,5.0,0.2216236024593936,-1.0956356769174902,0.2845787894309675,False,AGGRESSIVE_SURGE,MARKETPLACE_AWARE,primary
avg_wait_min,24,3.8277196937624383,3.8012484824930404,-0.026471211269398165,-0.029922573664120655,-0.6915660860050705,0.6915660860050705,-0.3006676605959981,-0.05966115183946527,0.00965845161566322,False,74.0,0.029131293296813965,-1.4729647012330227,0.15431485170021658,False,AGGRESSIVE_SURGE,MARKETPLACE_AWARE,secondary
completion_rate,24,0.550978476934556,0.5519766201780644,0.0009981432435084286,0.0018117532948416226,0.18115830024100665,0.18115830024100665,0.23625484169830768,-0.0006505221300104102,0.0026469282769522465,False,106.0,0.33041490332462464,1.1574076228457362,0.25898484223347157,False,AGGRESSIVE_SURGE,MARKETPLACE_AWARE,secondary
cancellation_rate,24,0.1627443905483945,0.16103457092532927,-0.0017098196230652268,-0.0019380678931218698,-1.0506166248211093,1.0506166248211093,-0.4960967147282707,-0.0030554319990162546,-0.000322627115597152,True,57.0,0.024047926156015694,-2.4303676283106634,0.023293777079835126,False,AGGRESSIVE_SURGE,MARKETPLACE_AWARE,secondary
earnings_per_online_hour_mean,24,162.07387989700877,162.27607445682338,0.20219455981460163,0.4095897686191421,0.12475456251376711,0.12475456251376711,0.12707694510915804,-0.43608402113281564,0.8162530665125226,False,117.0,0.35962629318237305,0.622547347178207,0.5397058084563308,False,AGGRESSIVE_SURGE,MARKETPLACE_AWARE,guardrail
driver_utilization_mean,24,0.5570797284611155,0.557257729223848,0.00017800076273245813,0.00020725827525791551,0.03195247531698377,0.03195247531698377,0.03922648990518188,-0.0015751585779722576,0.001909079348782646,False,139.0,0.7682963609695435,0.19216976933626176,0.8492958308928903,False,AGGRESSIVE_SURGE,MARKETPLACE_AWARE,guardrail
platform_revenue,24,96225.25813603943,96394.5877670903,169.3296310508837,337.9998795467691,0.17597212450341493,0.17597212450341493,0.20417869504927177,-162.03370656463383,488.0280362827761,False,114.0,0.3165123462677002,1.0002672384360916,0.3275892564857105,False,AGGRESSIVE_SURGE,MARKETPLACE_AWARE,guardrail
p90_wait_min,24,9.4375,10.216666666666677,0.779166666666678,1.0,8.25607064017672,-8.25607064017672,1.9375242030334314,0.6083333333333675,0.9250000000000114,True,0.0,1.710949618861992e-05,9.491891323449083,2.025904253996038e-09,False,AGGRESSIVE_SURGE,ADVANCED_HEURISTIC,primary
avg_wait_min,24,3.8277196937624383,4.16372166756728,0.3360019738048423,0.35393548057209023,8.778123809650513,-8.778123809650513,3.130404968664298,0.2909130002487877,0.3765979963353892,True,0.0,1.1920928955078125e-07,15.33578972300139,1.4373720284209562e-13,False,AGGRESSIVE_SURGE,ADVANCED_HEURISTIC,secondary
completion_rate,24,0.550978476934556,0.5226844338610982,-0.028294043073457748,-0.028471496543675423,-5.135235632229324,-5.135235632229324,-3.96885340144575,-0.031127750079835755,-0.02560703260495483,True,0.0,1.1920928955078125e-07,-19.443331394902984,8.939298049065684e-16,False,AGGRESSIVE_SURGE,ADVANCED_HEURISTIC,secondary
cancellation_rate,24,0.1627443905483945,0.18433973650185842,0.021595345953463897,0.020276651717596253,13.269487126834145,-13.269487126834145,4.443346585260851,0.019803256463048972,0.02353182919557345,True,0.0,1.1920928955078125e-07,21.76786376845423,7.571654049338507e-17,False,AGGRESSIVE_SURGE,ADVANCED_HEURISTIC,secondary
earnings_per_online_hour_mean,24,162.07387989700877,152.40001172213275,-9.673868174876047,-9.91034887899741,-5.968801500293193,-5.968801500293193,-5.138733231126155,-10.40828012054738,-8.933607342304404,True,0.0,1.1920928955078125e-07,-25.17454868108515,3.042136596020208e-18,False,AGGRESSIVE_SURGE,ADVANCED_HEURISTIC,guardrail
driver_utilization_mean,24,0.5570797284611155,0.5473378000864392,-0.009741928374676412,-0.010246904920875433,-1.7487493938412808,-1.7487493938412808,-2.76690778687796,-0.011087865316867361,-0.008300841758306846,True,0.0,1.1920928955078125e-07,-13.555024486368932,1.8721353547527285e-12,False,AGGRESSIVE_SURGE,ADVANCED_HEURISTIC,guardrail
platform_revenue,24,96225.25813603943,90229.39765842538,-5995.860477614074,-6404.720654785968,-6.231067178990952,-6.231067178990952,-4.737769254968208,-6484.148790298668,-5495.0727694868765,True,0.0,1.1920928955078125e-07,-23.210234387436255,1.841334734883205e-17,False,AGGRESSIVE_SURGE,ADVANCED_HEURISTIC,guardrail
p90_wait_min,24,10.166666666666666,9.333333333333334,-0.8333333333333334,-1.0,-8.196721311475411,8.196721311475411,-1.7305466381079322,-1.0,-0.625,True,0.0,2.00786561242648e-05,-8.477912478906585,1.562656602554851e-08,True,CAPPED_SMOOTHED_SURGE,ETA_OPTIMIZED,primary
avg_wait_min,24,4.16293933842753,4.162177722334395,-0.0007616160931355384,0.0038422105417166286,-0.018295152324348404,0.018295152324348404,-0.009381288220324482,-0.032598703388794344,0.03019110039730641,False,149.0,0.9888126850128174,-0.04595873853955495,0.9637398541145159,False,CAPPED_SMOOTHED_SURGE,ETA_OPTIMIZED,secondary
completion_rate,24,0.5531777916418187,0.5675084029363773,0.014330611294558605,0.01463062289923478,2.5905977266414992,2.5905977266414992,2.042260607644277,0.011529144987605397,0.01703036235053425,True,1.0,2.384185791015625e-07,10.004992821029592,7.572954970658946e-10,False,CAPPED_SMOOTHED_SURGE,ETA_OPTIMIZED,secondary
cancellation_rate,24,0.20233575558774974,0.1920131535880608,-0.01032260199968898,-0.0105260502038578,-5.101719154730532,5.101719154730532,-2.1722691252504904,-0.012174898065649671,-0.008469837747971467,True,0.0,1.1920928955078125e-07,-10.641901881731327,2.3336662502035976e-10,True,CAPPED_SMOOTHED_SURGE,ETA_OPTIMIZED,secondary
earnings_per_online_hour_mean,24,155.50435476758415,158.19140995954174,2.6870551919575596,2.8584150051260337,1.7279613782994154,1.7279613782994154,1.2628378613199254,1.8418597773042382,3.5226313656798567,True,13.0,1.049041748046875e-05,6.186616776202806,2.598958563534975e-06,False,CAPPED_SMOOTHED_SURGE,ETA_OPTIMIZED,guardrail
driver_utilization_mean,24,0.571085145126849,0.5622689929365111,-0.008816152190337925,-0.008010944666675235,-1.5437544235859413,-1.5437544235859413,-1.8099663102998838,-0.010779037544116363,-0.006926391809504157,True,2.0,3.5762786865234375e-07,-8.866987823725358,7.023669536041715e-09,False,CAPPED_SMOOTHED_SURGE,ETA_OPTIMIZED,guardrail
platform_revenue,24,92091.99562215374,94498.83712110792,2406.8414989542057,2465.3265212656697,2.6135186697759143,2.6135186697759143,2.014451556714699,1929.4766701484102,2861.7598062018674,True,1.0,2.384185791015625e-07,9.868756851012522,9.8029975956889e-10,False,CAPPED_SMOOTHED_SURGE,ETA_OPTIMIZED,guardrail
p90_wait_min,24,10.166666666666666,10.041666666666666,-0.125,0.0,-1.2295081967213117,1.2295081967213117,-0.27875204519913876,-0.2916666666666667,0.041666666666666664,False,3.0,0.17971249487899976,-1.3656005509902465,0.18527190025184803,False,CAPPED_SMOOTHED_SURGE,DRIVER_EARNINGS_AWARE,primary
avg_wait_min,24,4.16293933842753,4.126036561882923,-0.03690277654460652,-0.03511546829997392,-0.8864596273109717,0.8864596273109717,-0.6367343916936867,-0.05973907477434043,-0.014447492028259961,True,58.0,0.007189035415649414,-3.119348722661944,0.004821207358748005,False,CAPPED_SMOOTHED_SURGE,DRIVER_EARNINGS_AWARE,secondary
completion_rate,24,0.5531777916418187,0.5542320206141359,0.0010542289723171339,0.0016879749017436607,0.19057687930460968,0.19057687930460968,0.21809062846326505,-0.0008746173385940242,0.002931088039419771,False,117.0,0.35962629318237305,1.0684215148358096,0.2964164027570916,False,CAPPED_SMOOTHED_SURGE,DRIVER_EARNINGS_AWARE,secondary
cancellation_rate,24,0.20233575558774974,0.20135281450005085,-0.0009829410876989082,-0.0011154853551936378,-0.48579702823341203,0.48579702823341203,-0.2657000933134354,-0.002351100992507051,0.0005097693827248085,False,91.0,0.24910310970315597,-1.3016593064555866,0.20592016249819645,False,CAPPED_SMOOTHED_SURGE,DRIVER_EARNINGS_AWARE,secondary
earnings_per_online_hour_mean,24,155.50435476758415,158.27474849274714,2.7703937251629847,3.1444346410064696,1.7815537894765703,1.7815537894765703,1.454600285461285,2.0159601189481706,3.5083091827064137,True,1.0,2.384185791015625e-07,7.126056958173801,2.940643289775727e-07,False,CAPPED_SMOOTHED_SURGE,DRIVER_EARNINGS_AWARE,guardrail
driver_utilization_mean,24,0.571085145126849,0.5791691303864152,0.008083985259566101,0.009125216482676557,1.415548159245237,1.415548159245237,1.8153761439108578,0.0063069987763885674,0.00981355414322824,True,1.0,2.384185791015625e-07,8.893490487605849,6.6561106390041515e-09,False,CAPPED_SMOOTHED_SURGE,DRIVER_EARNINGS_AWARE,guardrail
platform_revenue,24,92091.99562215374,92183.69112003669,91.69549788296354,294.6300555587004,0.09956945472132345,0.09956945472132345,0.106717806243274,-254.32245725633013,417.877380723773,False,121.0,0.4223414659500122,0.5228083435304446,0.6061078431700057,False,CAPPED_SMOOTHED_SURGE,DRIVER_EARNINGS_AWARE,guardrail
p90_wait_min,24,10.166666666666666,10.070833333333345,-0.09583333333332196,0.0,-0.9426229508195603,0.9426229508195603,-0.17046128289831713,-0.31666666666664395,0.11250000000001137,False,11.0,0.2912928476178128,-0.8350863280021787,0.41225995488653555,False,CAPPED_SMOOTHED_SURGE,MARKETPLACE_AWARE,primary
avg_wait_min,24,4.16293933842753,4.1159705311148835,-0.046968807312647576,-0.05097174917790159,-1.128260670989963,1.128260670989963,-0.6269525103366457,-0.07633252481853336,-0.017380149540882656,True,62.0,0.010507822036743164,-3.071427486563556,0.005400696233726233,False,CAPPED_SMOOTHED_SURGE,MARKETPLACE_AWARE,secondary
completion_rate,24,0.5531777916418187,0.5552841752623979,0.0021063836205792185,0.0018033058772158328,0.3807787753603632,0.3807787753603632,0.5037376115872723,0.0004687919070799809,0.003769553808994652,True,78.0,0.03948163986206055,2.46780022527424,0.021461976932616207,False,CAPPED_SMOOTHED_SURGE,MARKETPLACE_AWARE,secondary
cancellation_rate,24,0.20233575558774974,0.20072176629974772,-0.0016139892880020097,-0.0017141676773922976,-0.797678731232478,0.797678731232478,-0.4898124988589273,-0.0029101686264442145,-0.00030037648110483575,True,74.0,0.029131293296813965,-2.399581383683879,0.024907603645957142,False,CAPPED_SMOOTHED_SURGE,MARKETPLACE_AWARE,secondary
earnings_per_online_hour_mean,24,155.50435476758415,156.0408099581876,0.5364551906034277,0.4261676963439811,0.3449775997625342,0.3449775997625342,0.39479700326725364,-0.0027613576326492406,1.0466668541815656,False,85.0,0.06464934349060059,1.9341024199693493,0.06549726943300029,False,CAPPED_SMOOTHED_SURGE,MARKETPLACE_AWARE,guardrail
driver_utilization_mean,24,0.571085145126849,0.5715669278209486,0.00048178269409969904,0.0005752184828490825,0.08436267309889242,0.08436267309889242,0.11440071873648713,-0.0011703538408291679,0.0021250840256149817,False,131.0,0.6033114194869995,0.5604467742240972,0.580593583485397,False,CAPPED_SMOOTHED_SURGE,MARKETPLACE_AWARE,guardrail
platform_revenue,24,92091.99562215374,92573.6987383829,481.7031162291884,400.6495202039805,0.5230673013163691,0.5230673013163691,0.6313427369321657,186.17020311496904,780.2515443263302,True,55.0,0.005330443382263184,3.0929351165919963,0.00513277112807211,False,CAPPED_SMOOTHED_SURGE,MARKETPLACE_AWARE,guardrail
p90_wait_min,24,10.166666666666666,10.75,0.5833333333333334,1.0,5.7377049180327875,-5.7377049180327875,0.9995566393042993,0.375,0.8333333333333334,True,0.0,0.00046525815807105003,4.896807470613412,6.0256117854315995e-05,False,CAPPED_SMOOTHED_SURGE,ADVANCED_HEURISTIC,primary
avg_wait_min,24,4.16293933842753,4.379009187384754,0.21606984895722406,0.19916128773864328,5.190319420768698,-5.190319420768698,2.095810661399342,0.17728978567525377,0.2584861220678041,True,0.0,1.1920928955078125e-07,10.267333435826636,4.6361990663110007e-10,False,CAPPED_SMOOTHED_SURGE,ADVANCED_HEURISTIC,secondary
completion_rate,24,0.5531777916418187,0.5269236761772961,-0.026254115464522738,-0.02685958491323931,-4.74605377533345,-4.74605377533345,-4.131746515036546,-0.028735729730113815,-0.023695758054670266,True,0.0,1.1920928955078125e-07,-20.241341416724328,3.7224626366557385e-16,False,CAPPED_SMOOTHED_SURGE,ADVANCED_HEURISTIC,secondary
cancellation_rate,24,0.20233575558774974,0.2158010480745918,0.013465292486842043,0.013903162024111362,6.654924853853802,-6.654924853853802,3.095869966447758,0.011800994231192264,0.015196854550367468,True,0.0,1.1920928955078125e-07,15.166603455608568,1.8146939312107398e-13,False,CAPPED_SMOOTHED_SURGE,ADVANCED_HEURISTIC,secondary
earnings_per_online_hour_mean,24,155.50435476758415,146.85610228518297,-8.648252482401205,-8.587345007487798,-5.561421411848452,-5.561421411848452,-4.989784038446118,-9.324188012624441,-7.938541191314681,True,0.0,1.1920928955078125e-07,-24.44484964175398,5.845527298610187e-18,False,CAPPED_SMOOTHED_SURGE,ADVANCED_HEURISTIC,guardrail
driver_utilization_mean,24,0.571085145126849,0.5569427186464286,-0.014142426480420356,-0.015122969908411776,-2.476412948419285,-2.476412948419285,-3.3107335450073876,-0.015767308188089253,-0.01239295593444066,True,0.0,1.1920928955078125e-07,-16.21921571916757,4.4016195118794995e-14,False,CAPPED_SMOOTHED_SURGE,ADVANCED_HEURISTIC,guardrail
platform_revenue,24,92091.99562215374,86915.77689247292,-5176.2187296808,-5218.689969717299,-5.620704269368231,-5.620704269368231,-5.17775787018986,-5571.5918418002675,-4791.897031691216,True,0.0,1.1920928955078125e-07,-25.365729587289877,2.5711704878099416e-18,False,CAPPED_SMOOTHED_SURGE,ADVANCED_HEURISTIC,guardrail
